"Id";"Designator";"Footprint";"Quantity";"Designation";"Supplier and ref";
1;"C1, C2, C3, C4, C301, C302, C303, C304, C401, C402, C403, C404, C501, C502, C503, C504, C601, C602, C603, C604";"C_0603";20;"6.8nF";;;
2;"C5, C6, C13, C14, C305, C306, C313, C314, C405, C406, C413, C414, C505, C506, C513, C514, C605, C606, C613, C614";"C_0603";20;"100nF";;;
3;"C7, C8, C307, C308, C407, C408, C507, C508, C607, C608";"C_0603";10;"1000pF";;;
4;"C9, C10, C309, C310, C409, C410, C509, C510, C609, C610";"C_0603";10;"470nF";;;
5;"C11, C12, C311, C312, C411, C412, C511, C512, C611, C612";"C_0603";10;"1uF";;;
6;"C15, C16, C17, C18, C315, C316, C317, C318, C415, C416, C417, C418, C515, C516, C517, C518, C615, C616, C617, C618";"C_0603";20;"10pF";;;
7;"C19, C20, C21, C22, C319, C320, C321, C322, C419, C420, C421, C422, C519, C520, C521, C522, C619, C620, C621, C622";"C_0603";20;"680PF";;;
8;"J1, J301, J401, J501, J601";"PinHeader_1x05_P2.54mm_Vertical";5;"Conn_01x06";;;
9;"J2, J302, J402, J502, J602";"PinHeader_1x05_P2.54mm_Vertical";5;"Conn_01x05";;;
10;"J10";"SEEED_110990030";1;"110990030";;;
11;"J11, J12, J13, J14, J15, J16, J17, J18, J19, J20";"PinHeader_1x02_P2.54mm_Vertical";10;"Conn_01x02_Pin";;;
12;"J24, J27";"PinHeader_1x03_P2.54mm_Vertical";2;"Conn_01x03_Pin";;;
13;"J25";"PinHeader_1x07_P2.54mm_Vertical";1;"Conn_01x07_Pin";;;
14;"J26, J28";"PinSocket_1x01_P2.54mm_Vertical";2;"Conn_01x01_Pin";;;
15;"L1, L2, L3, L4, L5, L6, L7, L8, L301, L302, L303, L304, L305, L306, L307, L308, L401, L402, L403, L404, L405, L406, L407, L408, L501, L502, L503, L504, L505, L506, L507, L508, L601, L602, L603, L604, L605, L606, L607, L608";"jumper_tiny";40;"PCB L";;;
16;"R1, R2, R301, R302, R401, R402, R501, R502, R601, R602";"R_0603";10;"221R";;;
17;"R3, R4, R5, R6, R303, R304, R305, R306, R403, R404, R405, R406, R503, R504, R505, R506, R603, R604, R605, R606";"R_0603";20;"10k";;;
18;"R7, R8, R307, R308, R407, R408, R507, R508, R607, R608";"R_0603";10;"4.7R";;;
19;"R9, R10, R11, R12, R13, R14, R309, R310, R311, R312, R313, R314, R409, R410, R411, R412, R413, R414, R509, R510, R511, R512, R513, R514, R609, R610, R611, R612, R613, R614";"R_0603";30;"10R";;;
20;"U1, U2, U301, U302, U401, U402, U501, U502, U601, U602";"TSSOP-14_4.4x5mm_P0.65mm";10;"LX3302AQPW_TSSOP-14";;;
21;"U10";"Electrosmith_Daisy_Seed";1;"Daisy_Seed3";;;
